--------------------------------------------------------
-- Archivo creado  - viernes-enero-17-2014   
--------------------------------------------------------
--------------------------------------------------------
--  DDL for Table FORMASDEPAGO
--------------------------------------------------------

  CREATE TABLE "MINIERP"."FORMASDEPAGO" 
   (	"IDFORMAPAGO" NUMBER, 
	"FORMAPAGO" VARCHAR2(100 BYTE), 
	"ACTIVO" NUMBER, 
	"DESCRIPCION" VARCHAR2(100 BYTE)
   ) SEGMENT CREATION IMMEDIATE 
  PCTFREE 10 PCTUSED 40 INITRANS 1 MAXTRANS 255 NOCOMPRESS LOGGING
  STORAGE(INITIAL 65536 NEXT 1048576 MINEXTENTS 1 MAXEXTENTS 2147483645
  PCTINCREASE 0 FREELISTS 1 FREELIST GROUPS 1 BUFFER_POOL DEFAULT FLASH_CACHE DEFAULT CELL_FLASH_CACHE DEFAULT)
  TABLESPACE "USERS" ;
--------------------------------------------------------
--  DDL for Table CAJA_PROCEDENCIADESTINO
--------------------------------------------------------

  CREATE TABLE "MINIERP"."CAJA_PROCEDENCIADESTINO" 
   (	"ID" NUMBER, 
	"DESCRIPCION" VARCHAR2(100 BYTE), 
	"TIPO" NUMBER
   ) SEGMENT CREATION IMMEDIATE 
  PCTFREE 10 PCTUSED 40 INITRANS 1 MAXTRANS 255 NOCOMPRESS LOGGING
  STORAGE(INITIAL 65536 NEXT 1048576 MINEXTENTS 1 MAXEXTENTS 2147483645
  PCTINCREASE 0 FREELISTS 1 FREELIST GROUPS 1 BUFFER_POOL DEFAULT FLASH_CACHE DEFAULT CELL_FLASH_CACHE DEFAULT)
  TABLESPACE "USERS" ;
--------------------------------------------------------
--  DDL for Table PEDIDOSARTICULOS
--------------------------------------------------------

  CREATE TABLE "MINIERP"."PEDIDOSARTICULOS" 
   (	"IDPEDIDOSARTICULOS" NUMBER, 
	"REFPEDIDO" NUMBER, 
	"REFARTICULO" NUMBER, 
	"CANTIDAD" NUMBER, 
	"PRECIOVENTA" FLOAT(126)
   ) SEGMENT CREATION IMMEDIATE 
  PCTFREE 10 PCTUSED 40 INITRANS 1 MAXTRANS 255 NOCOMPRESS LOGGING
  STORAGE(INITIAL 65536 NEXT 1048576 MINEXTENTS 1 MAXEXTENTS 2147483645
  PCTINCREASE 0 FREELISTS 1 FREELIST GROUPS 1 BUFFER_POOL DEFAULT FLASH_CACHE DEFAULT CELL_FLASH_CACHE DEFAULT)
  TABLESPACE "USERS" ;
--------------------------------------------------------
--  DDL for Table CAJA_APUNTES
--------------------------------------------------------

  CREATE TABLE "MINIERP"."CAJA_APUNTES" 
   (	"ID" NUMBER, 
	"TIPOAPUNTE" VARCHAR2(1 BYTE), 
	"PROCED_DESTINO" NUMBER, 
	"TIPO_PAGO" NUMBER, 
	"CONCEPTO" VARCHAR2(250 BYTE), 
	"IMPORTE" NUMBER, 
	"FECHA" NUMBER, 
	"HORA" NUMBER, 
	"USUARIO" NUMBER
   ) SEGMENT CREATION DEFERRED 
  PCTFREE 10 PCTUSED 40 INITRANS 1 MAXTRANS 255 NOCOMPRESS LOGGING
  TABLESPACE "USERS" ;
--------------------------------------------------------
--  DDL for Table CLIENTES
--------------------------------------------------------

  CREATE TABLE "MINIERP"."CLIENTES" 
   (	"IDCLIENTE" NUMBER, 
	"NOMBRE" VARCHAR2(30 BYTE), 
	"APELLIDO1" VARCHAR2(20 BYTE), 
	"APELLIDO2" VARCHAR2(20 BYTE), 
	"DIRECCION" VARCHAR2(30 BYTE), 
	"REFCPPOBLACIONES" NUMBER, 
	"TELEFONO" NUMBER, 
	"MAIL" VARCHAR2(30 BYTE), 
	"ELIMINADO" NUMBER, 
	"NUMCLIENTE" NUMBER
   ) SEGMENT CREATION IMMEDIATE 
  PCTFREE 10 PCTUSED 40 INITRANS 1 MAXTRANS 255 NOCOMPRESS LOGGING
  STORAGE(INITIAL 65536 NEXT 1048576 MINEXTENTS 1 MAXEXTENTS 2147483645
  PCTINCREASE 0 FREELISTS 1 FREELIST GROUPS 1 BUFFER_POOL DEFAULT FLASH_CACHE DEFAULT CELL_FLASH_CACHE DEFAULT)
  TABLESPACE "USERS" ;
--------------------------------------------------------
--  DDL for Table RELACIONARTICULOS
--------------------------------------------------------

  CREATE TABLE "MINIERP"."RELACIONARTICULOS" 
   (	"ID" NUMBER, 
	"REFARTICULO" NUMBER, 
	"REFPROVEEDOR" NUMBER, 
	"ELIMINADO" NUMBER, 
	"NOMBREPROV" VARCHAR2(50 BYTE), 
	"PRECIOPROV" FLOAT(126)
   ) SEGMENT CREATION IMMEDIATE 
  PCTFREE 10 PCTUSED 40 INITRANS 1 MAXTRANS 255 NOCOMPRESS LOGGING
  STORAGE(INITIAL 65536 NEXT 1048576 MINEXTENTS 1 MAXEXTENTS 2147483645
  PCTINCREASE 0 FREELISTS 1 FREELIST GROUPS 1 BUFFER_POOL DEFAULT FLASH_CACHE DEFAULT CELL_FLASH_CACHE DEFAULT)
  TABLESPACE "USERS" ;
--------------------------------------------------------
--  DDL for Table CAMBIOS
--------------------------------------------------------

  CREATE TABLE "MINIERP"."CAMBIOS" 
   (	"IDCAMBIO" NUMBER, 
	"NUMCAMBIO" NUMBER, 
	"REFUSUARIO" NUMBER, 
	"FECHA" NUMBER, 
	"HORA" NUMBER, 
	"DESCRIPCION" VARCHAR2(100 BYTE), 
	"TIPO" CHAR(1 BYTE)
   ) SEGMENT CREATION IMMEDIATE 
  PCTFREE 10 PCTUSED 40 INITRANS 1 MAXTRANS 255 NOCOMPRESS LOGGING
  STORAGE(INITIAL 65536 NEXT 1048576 MINEXTENTS 1 MAXEXTENTS 2147483645
  PCTINCREASE 0 FREELISTS 1 FREELIST GROUPS 1 BUFFER_POOL DEFAULT FLASH_CACHE DEFAULT CELL_FLASH_CACHE DEFAULT)
  TABLESPACE "USERS" ;
--------------------------------------------------------
--  DDL for Table ARTICULOS
--------------------------------------------------------

  CREATE TABLE "MINIERP"."ARTICULOS" 
   (	"IDARTICULO" NUMBER, 
	"NOMBRE" VARCHAR2(40 BYTE), 
	"REFTIPO" NUMBER, 
	"PRECIO" FLOAT(126), 
	"ELIMINADO" NUMBER, 
	"NUMARTICULO" NUMBER, 
	"STOCK" NUMBER
   ) SEGMENT CREATION IMMEDIATE 
  PCTFREE 10 PCTUSED 40 INITRANS 1 MAXTRANS 255 NOCOMPRESS LOGGING
  STORAGE(INITIAL 65536 NEXT 1048576 MINEXTENTS 1 MAXEXTENTS 2147483645
  PCTINCREASE 0 FREELISTS 1 FREELIST GROUPS 1 BUFFER_POOL DEFAULT FLASH_CACHE DEFAULT CELL_FLASH_CACHE DEFAULT)
  TABLESPACE "USERS" ;
--------------------------------------------------------
--  DDL for Table CAJA_COBRODEUDAS
--------------------------------------------------------

  CREATE TABLE "MINIERP"."CAJA_COBRODEUDAS" 
   (	"ID" NUMBER, 
	"PROCEDENCIA" NUMBER, 
	"CONCEPTO" VARCHAR2(100 BYTE), 
	"IMPORTE" FLOAT(126), 
	"FECHA" NUMBER, 
	"HORA" NUMBER, 
	"TIPO" NUMBER, 
	"USUARIO" NUMBER,
        "ELIMINADO" NUMBER
   ) SEGMENT CREATION DEFERRED 
  PCTFREE 10 PCTUSED 40 INITRANS 1 MAXTRANS 255 NOCOMPRESS LOGGING
  TABLESPACE "USERS" ;
--------------------------------------------------------
--  DDL for Table CAJA_TIPOSPAGO
--------------------------------------------------------

  CREATE TABLE "MINIERP"."CAJA_TIPOSPAGO" 
   (	"ID" NUMBER, 
	"DESCRIPCION" VARCHAR2(100 BYTE)
   ) SEGMENT CREATION IMMEDIATE 
  PCTFREE 10 PCTUSED 40 INITRANS 1 MAXTRANS 255 NOCOMPRESS LOGGING
  STORAGE(INITIAL 65536 NEXT 1048576 MINEXTENTS 1 MAXEXTENTS 2147483645
  PCTINCREASE 0 FREELISTS 1 FREELIST GROUPS 1 BUFFER_POOL DEFAULT FLASH_CACHE DEFAULT CELL_FLASH_CACHE DEFAULT)
  TABLESPACE "USERS" ;
--------------------------------------------------------
--  DDL for Table PEDIDOS
--------------------------------------------------------

  CREATE TABLE "MINIERP"."PEDIDOS" 
   (	"IDPEDIDO" NUMBER, 
	"REFCLIENTE" NUMBER, 
	"REFUSUARIO" NUMBER, 
	"FECHA" NUMBER, 
	"REFFORMAPAGO" NUMBER, 
	"TOTAL" NUMBER(20,2), 
	"PAGADO" NUMBER(20,2), 
	"ELIMINADO" NUMBER, 
	"NUMPEDIDO" NUMBER, 
	"HORAPEDIDO" NUMBER, 
	"FECHAENTREGA" NUMBER
   ) SEGMENT CREATION IMMEDIATE 
  PCTFREE 10 PCTUSED 40 INITRANS 1 MAXTRANS 255 NOCOMPRESS LOGGING
  STORAGE(INITIAL 65536 NEXT 1048576 MINEXTENTS 1 MAXEXTENTS 2147483645
  PCTINCREASE 0 FREELISTS 1 FREELIST GROUPS 1 BUFFER_POOL DEFAULT FLASH_CACHE DEFAULT CELL_FLASH_CACHE DEFAULT)
  TABLESPACE "USERS" ;
--------------------------------------------------------
--  DDL for Table PROVEEDORES
--------------------------------------------------------

  CREATE TABLE "MINIERP"."PROVEEDORES" 
   (	"ID" NUMBER, 
	"CIFNIF" VARCHAR2(20 BYTE), 
	"NOMBRE" VARCHAR2(50 BYTE), 
	"DIRECCION" VARCHAR2(100 BYTE), 
	"CP" NUMBER, 
	"TELEFONO" NUMBER, 
	"ELIMINADO" NUMBER
   ) SEGMENT CREATION IMMEDIATE 
  PCTFREE 10 PCTUSED 40 INITRANS 1 MAXTRANS 255 NOCOMPRESS LOGGING
  STORAGE(INITIAL 65536 NEXT 1048576 MINEXTENTS 1 MAXEXTENTS 2147483645
  PCTINCREASE 0 FREELISTS 1 FREELIST GROUPS 1 BUFFER_POOL DEFAULT FLASH_CACHE DEFAULT CELL_FLASH_CACHE DEFAULT)
  TABLESPACE "USERS" ;
--------------------------------------------------------
--  DDL for Table TIPOS
--------------------------------------------------------

  CREATE TABLE "MINIERP"."TIPOS" 
   (	"IDTIPO" NUMBER, 
	"NOMBRE" VARCHAR2(20 BYTE), 
	"ELIMINADO" NUMBER
   ) SEGMENT CREATION IMMEDIATE 
  PCTFREE 10 PCTUSED 40 INITRANS 1 MAXTRANS 255 NOCOMPRESS LOGGING
  STORAGE(INITIAL 65536 NEXT 1048576 MINEXTENTS 1 MAXEXTENTS 2147483645
  PCTINCREASE 0 FREELISTS 1 FREELIST GROUPS 1 BUFFER_POOL DEFAULT FLASH_CACHE DEFAULT CELL_FLASH_CACHE DEFAULT)
  TABLESPACE "USERS" ;
--------------------------------------------------------
--  DDL for Table USUARIOS
--------------------------------------------------------

  CREATE TABLE "MINIERP"."USUARIOS" 
   (	"IDUSUARIO" NUMBER, 
	"NOMBRE" VARCHAR2(30 BYTE), 
	"PASSWORD" VARCHAR2(32 BYTE), 
	"ELIMINADO" NUMBER
   ) SEGMENT CREATION IMMEDIATE 
  PCTFREE 10 PCTUSED 40 INITRANS 1 MAXTRANS 255 NOCOMPRESS LOGGING
  STORAGE(INITIAL 65536 NEXT 1048576 MINEXTENTS 1 MAXEXTENTS 2147483645
  PCTINCREASE 0 FREELISTS 1 FREELIST GROUPS 1 BUFFER_POOL DEFAULT FLASH_CACHE DEFAULT CELL_FLASH_CACHE DEFAULT)
  TABLESPACE "USERS" ;
  
  --------------------------------------------------------
-- Archivo creado  - viernes-enero-17-2014   
--------------------------------------------------------
  DROP SEQUENCE "MINIERP"."IDARTICSEQ";
  DROP SEQUENCE "MINIERP"."IDCAMBIOSSEQ";
  DROP SEQUENCE "MINIERP"."IDCLIENTESSEQ";
  DROP SEQUENCE "MINIERP"."IDFPAGOSSEQ";
  DROP SEQUENCE "MINIERP"."IDPEDARTICSEQ";
  DROP SEQUENCE "MINIERP"."IDPEDIDOSSEQ";
  DROP SEQUENCE "MINIERP"."IDTIPOSSEQ";
  DROP SEQUENCE "MINIERP"."IDUSUARIOSSEQ";
  DROP SEQUENCE "MINIERP"."IDCAJACOBRODEUDASSEQ";
  DROP SEQUENCE "MINIERP"."IDCAJAAPUNTESSEQ";
--------------------------------------------------------
--  DDL for Sequence IDARTICSEQ
--------------------------------------------------------

   CREATE SEQUENCE  "MINIERP"."IDARTICSEQ"  MINVALUE 1 MAXVALUE 9999999999999999999999999999 INCREMENT BY 1 START WITH 1 NOCACHE  NOORDER  NOCYCLE ;
--------------------------------------------------------
--  DDL for Sequence IDCAMBIOSSEQ
--------------------------------------------------------

   CREATE SEQUENCE  "MINIERP"."IDCAMBIOSSEQ"  MINVALUE 1 MAXVALUE 9999999999999999999999999999 INCREMENT BY 1 START WITH 1 NOCACHE  NOORDER  NOCYCLE ;
--------------------------------------------------------
--  DDL for Sequence IDCLIENTESSEQ
--------------------------------------------------------

   CREATE SEQUENCE  "MINIERP"."IDCLIENTESSEQ"  MINVALUE 1 MAXVALUE 9999999999999999999999999999 INCREMENT BY 1 START WITH 1 NOCACHE  NOORDER  NOCYCLE ;
--------------------------------------------------------
--  DDL for Sequence IDFPAGOSSEQ
--------------------------------------------------------

   CREATE SEQUENCE  "MINIERP"."IDFPAGOSSEQ"  MINVALUE 1 MAXVALUE 9999999999999999999999999999 INCREMENT BY 1 START WITH 1 NOCACHE  NOORDER  NOCYCLE ;
--------------------------------------------------------
--  DDL for Sequence IDPEDARTICSEQ
--------------------------------------------------------

   CREATE SEQUENCE  "MINIERP"."IDPEDARTICSEQ"  MINVALUE 1 MAXVALUE 9999999999999999999999999999 INCREMENT BY 1 START WITH 1 NOCACHE  NOORDER  NOCYCLE ;
--------------------------------------------------------
--  DDL for Sequence IDPEDIDOSSEQ
--------------------------------------------------------

   CREATE SEQUENCE  "MINIERP"."IDPEDIDOSSEQ"  MINVALUE 1 MAXVALUE 9999999999999999999999999999 INCREMENT BY 1 START WITH 1 NOCACHE  NOORDER  NOCYCLE ;
--------------------------------------------------------
--  DDL for Sequence IDTIPOSSEQ
--------------------------------------------------------

   CREATE SEQUENCE  "MINIERP"."IDTIPOSSEQ"  MINVALUE 1 MAXVALUE 9999999999999999999999999999 INCREMENT BY 1 START WITH 1 NOCACHE  NOORDER  NOCYCLE ;
--------------------------------------------------------
--  DDL for Sequence IDUSUARIOSSEQ
--------------------------------------------------------

   CREATE SEQUENCE  "MINIERP"."IDUSUARIOSSEQ"  MINVALUE 1 MAXVALUE 9999999999999999999999999999 INCREMENT BY 1 START WITH 1 NOCACHE  NOORDER  NOCYCLE ;
   
   CREATE SEQUENCE  "MINIERP"."IDCAJACOBRODEUDASSEQ"  MINVALUE 1 MAXVALUE 9999999999999999999999999999 INCREMENT BY 1 START WITH 1 NOCACHE  NOORDER  NOCYCLE ;

   CREATE SEQUENCE  "MINIERP"."IDCAJAAPUNTESSEQ"  MINVALUE 1 MAXVALUE 9999999999999999999999999999 INCREMENT BY 1 START WITH 1 NOCACHE  NOORDER  NOCYCLE ;

  
  
  
  
  --------------------------------------------------------
--  DDL for Trigger AUTOIDFPAGOS
--------------------------------------------------------

  CREATE OR REPLACE TRIGGER "MINIERP"."AUTOIDFPAGOS" 
Before Insert on formasdepago 
for each row 
declare 
valor number; 
begin 
If INSERTING then 
SELECT IDFPAGOSSEQ.NEXTVAL INTO valor FROM DUAL; 
:NEW.idformapago := valor; 
end if;  
end;
/
ALTER TRIGGER "MINIERP"."AUTOIDFPAGOS" ENABLE;
--------------------------------------------------------
--  DDL for Trigger AUTOIDPEDARTIC
--------------------------------------------------------

  CREATE OR REPLACE TRIGGER "MINIERP"."AUTOIDPEDARTIC" 
Before Insert on pedidosarticulos 
for each row 
declare 
valor number; 
begin 
If INSERTING then 
SELECT IDPEDARTICSEQ.NEXTVAL INTO valor FROM DUAL; 
:NEW.idpedidosarticulos := valor; 
end if; 
end;
/
ALTER TRIGGER "MINIERP"."AUTOIDPEDARTIC" ENABLE;
--------------------------------------------------------
--  DDL for Trigger AUTOIDCLIENTES
--------------------------------------------------------

  CREATE OR REPLACE TRIGGER "MINIERP"."AUTOIDCLIENTES" 
Before Insert on clientes 
for each row 
declare 
valor number; 
begin 
If INSERTING then 
SELECT IDCLIENTESSEQ.NEXTVAL INTO valor FROM DUAL; 
:NEW.idcliente := valor; 
end if; 
end;
/
ALTER TRIGGER "MINIERP"."AUTOIDCLIENTES" ENABLE;
--------------------------------------------------------
--  DDL for Trigger AUTOIDCAMBIOS
--------------------------------------------------------

  CREATE OR REPLACE TRIGGER "MINIERP"."AUTOIDCAMBIOS" 
Before Insert on cambios 
for each row 
declare 
valor number; 
begin 
If INSERTING  then 
 SELECT IDCAMBIOSSEQ.NEXTVAL INTO valor FROM DUAL; 
--      :NEW.idcambio := IDCAMBIOSSEQ.NEXTVAL;
:NEW.idcambio := valor; 
end if; 
end;
/
ALTER TRIGGER "MINIERP"."AUTOIDCAMBIOS" ENABLE;
--------------------------------------------------------
--  DDL for Trigger AUTOIDARTIC
--------------------------------------------------------

  CREATE OR REPLACE TRIGGER "MINIERP"."AUTOIDARTIC" 
Before Insert on articulos 
for each row 
declare 
valor number; 
begin 
If INSERTING then 
SELECT IDARTICSEQ.NEXTVAL INTO valor FROM DUAL; 
:NEW.idarticulo := valor; 
end if; 
end;
/
ALTER TRIGGER "MINIERP"."AUTOIDARTIC" ENABLE;
--------------------------------------------------------
--  DDL for Trigger AUTOIDPEDIDOS
--------------------------------------------------------

  CREATE OR REPLACE TRIGGER "MINIERP"."AUTOIDPEDIDOS" 
Before Insert on pedidos 
for each row 
declare 
valor number; 
begin 
If INSERTING then 
SELECT IDPEDIDOSSEQ.NEXTVAL INTO valor FROM DUAL; 
:NEW.idpedido := valor; 
end if; 
end;
/
ALTER TRIGGER "MINIERP"."AUTOIDPEDIDOS" ENABLE;
--------------------------------------------------------
--  DDL for Trigger AUTOIDTIPOS
--------------------------------------------------------

  CREATE OR REPLACE TRIGGER "MINIERP"."AUTOIDTIPOS" 
Before Insert on tipos
for each row 
declare 
valor number; 
begin 
If INSERTING then 
SELECT IDTIPOSSEQ.NEXTVAL INTO valor FROM DUAL; 
:NEW.idtipo := valor; 
end if; 
end;
/
ALTER TRIGGER "MINIERP"."AUTOIDTIPOS" ENABLE;
--------------------------------------------------------
--  DDL for Trigger AUTOIDUSUARIOS
--------------------------------------------------------

  CREATE OR REPLACE TRIGGER "MINIERP"."AUTOIDUSUARIOS" 
Before Insert on usuarios 
for each row 
declare 
valor number; 
begin 
If INSERTING then 
SELECT IDUSUARIOSSEQ.NEXTVAL INTO valor FROM DUAL; 
:NEW.idusuario := valor; 
end if;  
END;
/
ALTER TRIGGER "MINIERP"."AUTOIDUSUARIOS" ENABLE;

--------------------------------------------------------
--  DDL for Trigger AUTOIDCAJACOBRODEUDAS
--------------------------------------------------------

  CREATE OR REPLACE TRIGGER "MINIERP"."AUTOIDCAJACOBRODEUDAS" 
Before Insert on caja_cobrodeudas 
for each row 
declare 
valor number; 
begin 
If INSERTING then 
SELECT IDCAJACOBRODEUDASSEQ.NEXTVAL INTO valor FROM DUAL; 
:NEW.id := valor; 
end if;  
END;
/
ALTER TRIGGER "MINIERP"."AUTOIDCAJACOBRODEUDAS" ENABLE;

CREATE OR REPLACE TRIGGER "MINIERP"."AUTOIDCAJAAPUNTESSEQ" 
Before Insert on caja_apuntes 
for each row 
declare 
valor number; 
begin 
If INSERTING then 
SELECT IDCAJAAPUNTESSEQ.NEXTVAL INTO valor FROM DUAL; 
:NEW.id := valor; 
end if;  
END;
/
ALTER TRIGGER "MINIERP"."AUTOIDCAJAAPUNTESSEQ" ENABLE;




  
  
REM INSERTING into MINIERP.FORMASDEPAGO
SET DEFINE OFF;
Insert into MINIERP.FORMASDEPAGO (IDFORMAPAGO,FORMAPAGO,ACTIVO,DESCRIPCION) values ('1','Tarjeta','0','4B, Master Card, Visa');
Insert into MINIERP.FORMASDEPAGO (IDFORMAPAGO,FORMAPAGO,ACTIVO,DESCRIPCION) values ('2','Metalico','0','Consultar si mas de 100 euros');
Insert into MINIERP.FORMASDEPAGO (IDFORMAPAGO,FORMAPAGO,ACTIVO,DESCRIPCION) values ('3','Paypal','0','Validar via consultoria');
Insert into MINIERP.FORMASDEPAGO (IDFORMAPAGO,FORMAPAGO,ACTIVO,DESCRIPCION) values ('4','Microsoft points','0','Comprobar catalogo xboxlive');
REM INSERTING into MINIERP.CAJA_PROCEDENCIADESTINO
SET DEFINE OFF;
Insert into MINIERP.CAJA_PROCEDENCIADESTINO (ID,DESCRIPCION,TIPO) values ('1','Venta de productos','0');
Insert into MINIERP.CAJA_PROCEDENCIADESTINO (ID,DESCRIPCION,TIPO) values ('2','Ingreso directo de administración','0');
Insert into MINIERP.CAJA_PROCEDENCIADESTINO (ID,DESCRIPCION,TIPO) values ('3','Variación de saldo','0');
Insert into MINIERP.CAJA_PROCEDENCIADESTINO (ID,DESCRIPCION,TIPO) values ('4','Varios','0');
Insert into MINIERP.CAJA_PROCEDENCIADESTINO (ID,DESCRIPCION,TIPO) values ('5','Gastos de personal','1');
Insert into MINIERP.CAJA_PROCEDENCIADESTINO (ID,DESCRIPCION,TIPO) values ('6','Compra de materias primas','1');
Insert into MINIERP.CAJA_PROCEDENCIADESTINO (ID,DESCRIPCION,TIPO) values ('7','Retirada de dinero de administración','1');
Insert into MINIERP.CAJA_PROCEDENCIADESTINO (ID,DESCRIPCION,TIPO) values ('8','Variación de saldo','1');
Insert into MINIERP.CAJA_PROCEDENCIADESTINO (ID,DESCRIPCION,TIPO) values ('9','Varios','1');
Insert into MINIERP.CAJA_PROCEDENCIADESTINO (ID,DESCRIPCION,TIPO) values ('10','Agencia','2');
Insert into MINIERP.CAJA_PROCEDENCIADESTINO (ID,DESCRIPCION,TIPO) values ('11','Varios','2');
REM INSERTING into MINIERP.PEDIDOSARTICULOS
SET DEFINE OFF;
Insert into MINIERP.PEDIDOSARTICULOS (IDPEDIDOSARTICULOS,REFPEDIDO,REFARTICULO,CANTIDAD,PRECIOVENTA) values ('1','1','1','3','67,28');
REM INSERTING into MINIERP.CAJA_APUNTES
SET DEFINE OFF;
REM INSERTING into MINIERP.CLIENTES
SET DEFINE OFF;
Insert into MINIERP.CLIENTES (IDCLIENTE,NOMBRE,APELLIDO1,APELLIDO2,DIRECCION,REFCPPOBLACIONES,TELEFONO,MAIL,ELIMINADO,NUMCLIENTE) values ('8','Victor','Roldan','Roldan','calle de victor 1','154','916768594','victor@indie.com','0','1000');
Insert into MINIERP.CLIENTES (IDCLIENTE,NOMBRE,APELLIDO1,APELLIDO2,DIRECCION,REFCPPOBLACIONES,TELEFONO,MAIL,ELIMINADO,NUMCLIENTE) values ('9','Charlie','Lopez','Nieto','Avenida Churriega SN','2228','926778822','charlie@ps3.com','0','1001');
Insert into MINIERP.CLIENTES (IDCLIENTE,NOMBRE,APELLIDO1,APELLIDO2,DIRECCION,REFCPPOBLACIONES,TELEFONO,MAIL,ELIMINADO,NUMCLIENTE) values ('10','Daniel','de las Dos Torres','Ibiza','Calle Mordor 4','984','976334455','daniibiza@manolito.com','0','1002');
Insert into MINIERP.CLIENTES (IDCLIENTE,NOMBRE,APELLIDO1,APELLIDO2,DIRECCION,REFCPPOBLACIONES,TELEFONO,MAIL,ELIMINADO,NUMCLIENTE) values ('11','Juan','Soria','Pozuello','Avenida Carlos I, 15.','922','921112233','juan@soria.com','0','1003');
REM INSERTING into MINIERP.RELACIONARTICULOS
SET DEFINE OFF;
REM INSERTING into MINIERP.CAMBIOS
SET DEFINE OFF;
REM INSERTING into MINIERP.ARTICULOS
SET DEFINE OFF;
Insert into MINIERP.ARTICULOS (IDARTICULO,NOMBRE,REFTIPO,PRECIO,ELIMINADO,NUMARTICULO,STOCK) values ('6','GTAV','4','25','0','1005','0');
Insert into MINIERP.ARTICULOS (IDARTICULO,NOMBRE,REFTIPO,PRECIO,ELIMINADO,NUMARTICULO,STOCK) values ('7','nuevo','1','1','0','1006','1');
Insert into MINIERP.ARTICULOS (IDARTICULO,NOMBRE,REFTIPO,PRECIO,ELIMINADO,NUMARTICULO,STOCK) values ('3','Tour de Francia','3','45','0','1002','10');
Insert into MINIERP.ARTICULOS (IDARTICULO,NOMBRE,REFTIPO,PRECIO,ELIMINADO,NUMARTICULO,STOCK) values ('4','Far Cry 3 plus','4','67','0','1003','45');
Insert into MINIERP.ARTICULOS (IDARTICULO,NOMBRE,REFTIPO,PRECIO,ELIMINADO,NUMARTICULO,STOCK) values ('1','Fifa 2014 plus','3','67,28','0','1000','37');
Insert into MINIERP.ARTICULOS (IDARTICULO,NOMBRE,REFTIPO,PRECIO,ELIMINADO,NUMARTICULO,STOCK) values ('2','Tour de Francia edicion verano','3','23,34','0','1001','14');
Insert into MINIERP.ARTICULOS (IDARTICULO,NOMBRE,REFTIPO,PRECIO,ELIMINADO,NUMARTICULO,STOCK) values ('5','Dragon Age edi limitada','2','46','0','1004','25');
REM INSERTING into MINIERP.CAJA_COBRODEUDAS
SET DEFINE OFF;
REM INSERTING into MINIERP.CAJA_TIPOSPAGO
SET DEFINE OFF;
Insert into MINIERP.CAJA_TIPOSPAGO (ID,DESCRIPCION) values ('1','Efectivo');
Insert into MINIERP.CAJA_TIPOSPAGO (ID,DESCRIPCION) values ('2','Cheque');
Insert into MINIERP.CAJA_TIPOSPAGO (ID,DESCRIPCION) values ('3','Recibo');
REM INSERTING into MINIERP.PEDIDOS
SET DEFINE OFF;
Insert into MINIERP.PEDIDOS (IDPEDIDO,REFCLIENTE,REFUSUARIO,FECHA,REFFORMAPAGO,TOTAL,PAGADO,ELIMINADO,NUMPEDIDO,HORAPEDIDO,FECHAENTREGA) values ('1','2','1','20140113','3','201,84','175','0','1','100716','20140113');
REM INSERTING into MINIERP.PROVEEDORES
SET DEFINE OFF;
Insert into MINIERP.PROVEEDORES (ID,CIFNIF,NOMBRE,DIRECCION,CP,TELEFONO,ELIMINADO) values ('3','24598835J','Zavvi','Via digital 4','8555','917788332','0');
Insert into MINIERP.PROVEEDORES (ID,CIFNIF,NOMBRE,DIRECCION,CP,TELEFONO,ELIMINADO) values ('4','53579547N','carers','Calle Ciruela','2228','123456789','0');
Insert into MINIERP.PROVEEDORES (ID,CIFNIF,NOMBRE,DIRECCION,CP,TELEFONO,ELIMINADO) values ('1','14149929F','Game SA','Centro Comercial Eroski','2209','926112233','0');
Insert into MINIERP.PROVEEDORES (ID,CIFNIF,NOMBRE,DIRECCION,CP,TELEFONO,ELIMINADO) values ('2','59194388R','Amazon','Matrix distrito maquina 15','7525','11122332','0');
REM INSERTING into MINIERP.TIPOS
SET DEFINE OFF;
Insert into MINIERP.TIPOS (IDTIPO,NOMBRE,ELIMINADO) values ('1','RPG japones','0');
Insert into MINIERP.TIPOS (IDTIPO,NOMBRE,ELIMINADO) values ('2','RPG europeo','0');
Insert into MINIERP.TIPOS (IDTIPO,NOMBRE,ELIMINADO) values ('3','Deportes','0');
Insert into MINIERP.TIPOS (IDTIPO,NOMBRE,ELIMINADO) values ('4','Shooter puro','0');
REM INSERTING into MINIERP.USUARIOS
SET DEFINE OFF;
Insert into MINIERP.USUARIOS (IDUSUARIO,NOMBRE,PASSWORD,ELIMINADO) values ('1','admin00','by2vOfvlXFfxdDqy9XE8ALBJi62ms2Qw','0');
Insert into MINIERP.USUARIOS (IDUSUARIO,NOMBRE,PASSWORD,ELIMINADO) values ('2','sergio00','hzoRYrF/vUTruXHMSebnKe6aHsI1O8kO','0');

REM INSERTING into CAJA_APUNTES
SET DEFINE OFF;
Insert into CAJA_APUNTES (ID,TIPOAPUNTE,PROCED_DESTINO,TIPO_PAGO,CONCEPTO,IMPORTE,FECHA,HORA,USUARIO) values (1,'E',1,3,'Ingreso inicial','150,89',20140123,173730,1);
Insert into CAJA_APUNTES (ID,TIPOAPUNTE,PROCED_DESTINO,TIPO_PAGO,CONCEPTO,IMPORTE,FECHA,HORA,USUARIO) values (2,'S',7,3,'Primera salida de dinero','80,23',20140123,173750,1);

REM INSERTING into CAJA_COBRODEUDAS
SET DEFINE OFF;
Insert into CAJA_COBRODEUDAS (ID,PROCEDENCIA,CONCEPTO,IMPORTE,FECHA,HORA,TIPO,USUARIO,ELIMINADO) values (1,11,'DINERO QUE NOS DEBE ROSA MAESTRE','40,91',20140123,173816,1,1,0);
Insert into CAJA_COBRODEUDAS (ID,PROCEDENCIA,CONCEPTO,IMPORTE,FECHA,HORA,TIPO,USUARIO,ELIMINADO) values (2,1,'DINERO QUE LE DEBEMOS A ISABEL GUERRERO','0,21',20140123,173839,0,1,0);

REM INSERTING into RELACIONARTICULOS
SET DEFINE OFF;
Insert into RELACIONARTICULOS (ID,REFARTICULO,REFPROVEEDOR,ELIMINADO,NOMBREPROV,PRECIOPROV) values (1,5,1,0,'Fifa',50);

--------------------------------------------------------
--  DDL for Index FORMASDEPAGO_PK
--------------------------------------------------------

  CREATE UNIQUE INDEX "MINIERP"."FORMASDEPAGO_PK" ON "MINIERP"."FORMASDEPAGO" ("IDFORMAPAGO") 
  PCTFREE 10 INITRANS 2 MAXTRANS 255 COMPUTE STATISTICS 
  STORAGE(INITIAL 65536 NEXT 1048576 MINEXTENTS 1 MAXEXTENTS 2147483645
  PCTINCREASE 0 FREELISTS 1 FREELIST GROUPS 1 BUFFER_POOL DEFAULT FLASH_CACHE DEFAULT CELL_FLASH_CACHE DEFAULT)
  TABLESPACE "USERS" ;
--------------------------------------------------------
--  DDL for Index PROCED_DESTINO_PK
--------------------------------------------------------

  CREATE UNIQUE INDEX "MINIERP"."PROCED_DESTINO_PK" ON "MINIERP"."CAJA_PROCEDENCIADESTINO" ("ID") 
  PCTFREE 10 INITRANS 2 MAXTRANS 255 
  STORAGE(INITIAL 65536 NEXT 1048576 MINEXTENTS 1 MAXEXTENTS 2147483645
  PCTINCREASE 0 FREELISTS 1 FREELIST GROUPS 1 BUFFER_POOL DEFAULT FLASH_CACHE DEFAULT CELL_FLASH_CACHE DEFAULT)
  TABLESPACE "USERS" ;
--------------------------------------------------------
--  DDL for Index PEDIDOSARTICULOS_PK
--------------------------------------------------------

  CREATE UNIQUE INDEX "MINIERP"."PEDIDOSARTICULOS_PK" ON "MINIERP"."PEDIDOSARTICULOS" ("IDPEDIDOSARTICULOS") 
  PCTFREE 10 INITRANS 2 MAXTRANS 255 COMPUTE STATISTICS 
  STORAGE(INITIAL 65536 NEXT 1048576 MINEXTENTS 1 MAXEXTENTS 2147483645
  PCTINCREASE 0 FREELISTS 1 FREELIST GROUPS 1 BUFFER_POOL DEFAULT FLASH_CACHE DEFAULT CELL_FLASH_CACHE DEFAULT)
  TABLESPACE "USERS" ;
--------------------------------------------------------
--  DDL for Index APUNTES_PK
--------------------------------------------------------

  CREATE UNIQUE INDEX "MINIERP"."APUNTES_PK" ON "MINIERP"."CAJA_APUNTES" ("ID") 
  PCTFREE 10 INITRANS 2 MAXTRANS 255 NOCOMPRESS LOGGING
  TABLESPACE "USERS" ;
--------------------------------------------------------
--  DDL for Index CLIENTES_PK
--------------------------------------------------------

  CREATE UNIQUE INDEX "MINIERP"."CLIENTES_PK" ON "MINIERP"."CLIENTES" ("IDCLIENTE") 
  PCTFREE 10 INITRANS 2 MAXTRANS 255 COMPUTE STATISTICS 
  STORAGE(INITIAL 65536 NEXT 1048576 MINEXTENTS 1 MAXEXTENTS 2147483645
  PCTINCREASE 0 FREELISTS 1 FREELIST GROUPS 1 BUFFER_POOL DEFAULT FLASH_CACHE DEFAULT CELL_FLASH_CACHE DEFAULT)
  TABLESPACE "USERS" ;
--------------------------------------------------------
--  DDL for Index RELACIONARTICULOS_PK
--------------------------------------------------------

  CREATE UNIQUE INDEX "MINIERP"."RELACIONARTICULOS_PK" ON "MINIERP"."RELACIONARTICULOS" ("ID") 
  PCTFREE 10 INITRANS 2 MAXTRANS 255 COMPUTE STATISTICS 
  STORAGE(INITIAL 65536 NEXT 1048576 MINEXTENTS 1 MAXEXTENTS 2147483645
  PCTINCREASE 0 FREELISTS 1 FREELIST GROUPS 1 BUFFER_POOL DEFAULT FLASH_CACHE DEFAULT CELL_FLASH_CACHE DEFAULT)
  TABLESPACE "USERS" ;
--------------------------------------------------------
--  DDL for Index ARTICULOS_PK
--------------------------------------------------------

  CREATE UNIQUE INDEX "MINIERP"."ARTICULOS_PK" ON "MINIERP"."ARTICULOS" ("IDARTICULO") 
  PCTFREE 10 INITRANS 2 MAXTRANS 255 COMPUTE STATISTICS 
  STORAGE(INITIAL 65536 NEXT 1048576 MINEXTENTS 1 MAXEXTENTS 2147483645
  PCTINCREASE 0 FREELISTS 1 FREELIST GROUPS 1 BUFFER_POOL DEFAULT FLASH_CACHE DEFAULT CELL_FLASH_CACHE DEFAULT)
  TABLESPACE "USERS" ;
--------------------------------------------------------
--  DDL for Index CAJACOBRODEUDAS_PK
--------------------------------------------------------

  CREATE UNIQUE INDEX "MINIERP"."CAJACOBRODEUDAS_PK" ON "MINIERP"."CAJA_COBRODEUDAS" ("ID") 
  PCTFREE 10 INITRANS 2 MAXTRANS 255 NOCOMPRESS LOGGING
  TABLESPACE "USERS" ;
--------------------------------------------------------
--  DDL for Index TIPOSPAGO_PK
--------------------------------------------------------

  CREATE UNIQUE INDEX "MINIERP"."TIPOSPAGO_PK" ON "MINIERP"."CAJA_TIPOSPAGO" ("ID") 
  PCTFREE 10 INITRANS 2 MAXTRANS 255 COMPUTE STATISTICS 
  STORAGE(INITIAL 65536 NEXT 1048576 MINEXTENTS 1 MAXEXTENTS 2147483645
  PCTINCREASE 0 FREELISTS 1 FREELIST GROUPS 1 BUFFER_POOL DEFAULT FLASH_CACHE DEFAULT CELL_FLASH_CACHE DEFAULT)
  TABLESPACE "USERS" ;
--------------------------------------------------------
--  DDL for Index TABLE1_PK
--------------------------------------------------------

  CREATE UNIQUE INDEX "MINIERP"."TABLE1_PK" ON "MINIERP"."PEDIDOS" ("IDPEDIDO") 
  PCTFREE 10 INITRANS 2 MAXTRANS 255 COMPUTE STATISTICS 
  STORAGE(INITIAL 65536 NEXT 1048576 MINEXTENTS 1 MAXEXTENTS 2147483645
  PCTINCREASE 0 FREELISTS 1 FREELIST GROUPS 1 BUFFER_POOL DEFAULT FLASH_CACHE DEFAULT CELL_FLASH_CACHE DEFAULT)
  TABLESPACE "USERS" ;
--------------------------------------------------------
--  DDL for Index PORVEEDORES_PK
--------------------------------------------------------

  CREATE UNIQUE INDEX "MINIERP"."PORVEEDORES_PK" ON "MINIERP"."PROVEEDORES" ("ID") 
  PCTFREE 10 INITRANS 2 MAXTRANS 255 COMPUTE STATISTICS 
  STORAGE(INITIAL 65536 NEXT 1048576 MINEXTENTS 1 MAXEXTENTS 2147483645
  PCTINCREASE 0 FREELISTS 1 FREELIST GROUPS 1 BUFFER_POOL DEFAULT FLASH_CACHE DEFAULT CELL_FLASH_CACHE DEFAULT)
  TABLESPACE "USERS" ;
--------------------------------------------------------
--  DDL for Index TIPOS_PK
--------------------------------------------------------

  CREATE UNIQUE INDEX "MINIERP"."TIPOS_PK" ON "MINIERP"."TIPOS" ("IDTIPO") 
  PCTFREE 10 INITRANS 2 MAXTRANS 255 COMPUTE STATISTICS 
  STORAGE(INITIAL 65536 NEXT 1048576 MINEXTENTS 1 MAXEXTENTS 2147483645
  PCTINCREASE 0 FREELISTS 1 FREELIST GROUPS 1 BUFFER_POOL DEFAULT FLASH_CACHE DEFAULT CELL_FLASH_CACHE DEFAULT)
  TABLESPACE "USERS" ;
--------------------------------------------------------
--  DDL for Index USUARIOS_PK
--------------------------------------------------------

  CREATE UNIQUE INDEX "MINIERP"."USUARIOS_PK" ON "MINIERP"."USUARIOS" ("IDUSUARIO") 
  PCTFREE 10 INITRANS 2 MAXTRANS 255 COMPUTE STATISTICS 
  STORAGE(INITIAL 65536 NEXT 1048576 MINEXTENTS 1 MAXEXTENTS 2147483645
  PCTINCREASE 0 FREELISTS 1 FREELIST GROUPS 1 BUFFER_POOL DEFAULT FLASH_CACHE DEFAULT CELL_FLASH_CACHE DEFAULT)
  TABLESPACE "USERS" ;
--------------------------------------------------------
--  Constraints for Table FORMASDEPAGO
--------------------------------------------------------

  ALTER TABLE "MINIERP"."FORMASDEPAGO" ADD CONSTRAINT "FORMASDEPAGO_PK" PRIMARY KEY ("IDFORMAPAGO")
  USING INDEX PCTFREE 10 INITRANS 2 MAXTRANS 255 COMPUTE STATISTICS 
  STORAGE(INITIAL 65536 NEXT 1048576 MINEXTENTS 1 MAXEXTENTS 2147483645
  PCTINCREASE 0 FREELISTS 1 FREELIST GROUPS 1 BUFFER_POOL DEFAULT FLASH_CACHE DEFAULT CELL_FLASH_CACHE DEFAULT)
  TABLESPACE "USERS"  ENABLE;
 
  ALTER TABLE "MINIERP"."FORMASDEPAGO" MODIFY ("IDFORMAPAGO" NOT NULL ENABLE);
--------------------------------------------------------
--  Constraints for Table CAJA_PROCEDENCIADESTINO
--------------------------------------------------------

  ALTER TABLE "MINIERP"."CAJA_PROCEDENCIADESTINO" ADD CONSTRAINT "PROCED_DESTINO_PK" PRIMARY KEY ("ID")
  USING INDEX PCTFREE 10 INITRANS 2 MAXTRANS 255 
  STORAGE(INITIAL 65536 NEXT 1048576 MINEXTENTS 1 MAXEXTENTS 2147483645
  PCTINCREASE 0 FREELISTS 1 FREELIST GROUPS 1 BUFFER_POOL DEFAULT FLASH_CACHE DEFAULT CELL_FLASH_CACHE DEFAULT)
  TABLESPACE "USERS"  ENABLE;
 
  ALTER TABLE "MINIERP"."CAJA_PROCEDENCIADESTINO" MODIFY ("ID" NOT NULL ENABLE);
 
  ALTER TABLE "MINIERP"."CAJA_PROCEDENCIADESTINO" MODIFY ("DESCRIPCION" NOT NULL ENABLE);
 
  ALTER TABLE "MINIERP"."CAJA_PROCEDENCIADESTINO" MODIFY ("TIPO" NOT NULL ENABLE);
--------------------------------------------------------
--  Constraints for Table PEDIDOSARTICULOS
--------------------------------------------------------

  ALTER TABLE "MINIERP"."PEDIDOSARTICULOS" ADD CONSTRAINT "PEDIDOSARTICULOS_PK" PRIMARY KEY ("IDPEDIDOSARTICULOS")
  USING INDEX PCTFREE 10 INITRANS 2 MAXTRANS 255 COMPUTE STATISTICS 
  STORAGE(INITIAL 65536 NEXT 1048576 MINEXTENTS 1 MAXEXTENTS 2147483645
  PCTINCREASE 0 FREELISTS 1 FREELIST GROUPS 1 BUFFER_POOL DEFAULT FLASH_CACHE DEFAULT CELL_FLASH_CACHE DEFAULT)
  TABLESPACE "USERS"  ENABLE;
 
  ALTER TABLE "MINIERP"."PEDIDOSARTICULOS" MODIFY ("IDPEDIDOSARTICULOS" NOT NULL ENABLE);
--------------------------------------------------------
--  Constraints for Table CAJA_APUNTES
--------------------------------------------------------

  ALTER TABLE "MINIERP"."CAJA_APUNTES" ADD CONSTRAINT "APUNTES_PK" PRIMARY KEY ("ID")
  USING INDEX PCTFREE 10 INITRANS 2 MAXTRANS 255 NOCOMPRESS LOGGING
  TABLESPACE "USERS"  ENABLE;
 
  ALTER TABLE "MINIERP"."CAJA_APUNTES" MODIFY ("ID" NOT NULL ENABLE);
 
  ALTER TABLE "MINIERP"."CAJA_APUNTES" MODIFY ("TIPOAPUNTE" NOT NULL ENABLE);
 
  ALTER TABLE "MINIERP"."CAJA_APUNTES" MODIFY ("PROCED_DESTINO" NOT NULL ENABLE);
 
  ALTER TABLE "MINIERP"."CAJA_APUNTES" MODIFY ("TIPO_PAGO" NOT NULL ENABLE);
 
  ALTER TABLE "MINIERP"."CAJA_APUNTES" MODIFY ("CONCEPTO" NOT NULL ENABLE);
 
  ALTER TABLE "MINIERP"."CAJA_APUNTES" MODIFY ("IMPORTE" NOT NULL ENABLE);
 
  ALTER TABLE "MINIERP"."CAJA_APUNTES" MODIFY ("FECHA" NOT NULL ENABLE);
 
  ALTER TABLE "MINIERP"."CAJA_APUNTES" MODIFY ("HORA" NOT NULL ENABLE);
 
  ALTER TABLE "MINIERP"."CAJA_APUNTES" MODIFY ("USUARIO" NOT NULL ENABLE);
--------------------------------------------------------
--  Constraints for Table CLIENTES
--------------------------------------------------------

  ALTER TABLE "MINIERP"."CLIENTES" ADD CONSTRAINT "CLIENTES_PK" PRIMARY KEY ("IDCLIENTE")
  USING INDEX PCTFREE 10 INITRANS 2 MAXTRANS 255 COMPUTE STATISTICS 
  STORAGE(INITIAL 65536 NEXT 1048576 MINEXTENTS 1 MAXEXTENTS 2147483645
  PCTINCREASE 0 FREELISTS 1 FREELIST GROUPS 1 BUFFER_POOL DEFAULT FLASH_CACHE DEFAULT CELL_FLASH_CACHE DEFAULT)
  TABLESPACE "USERS"  ENABLE;
 
  ALTER TABLE "MINIERP"."CLIENTES" MODIFY ("IDCLIENTE" NOT NULL ENABLE);
--------------------------------------------------------
--  Constraints for Table RELACIONARTICULOS
--------------------------------------------------------

  ALTER TABLE "MINIERP"."RELACIONARTICULOS" ADD CONSTRAINT "RELACIONARTICULOS_PK" PRIMARY KEY ("ID")
  USING INDEX PCTFREE 10 INITRANS 2 MAXTRANS 255 COMPUTE STATISTICS 
  STORAGE(INITIAL 65536 NEXT 1048576 MINEXTENTS 1 MAXEXTENTS 2147483645
  PCTINCREASE 0 FREELISTS 1 FREELIST GROUPS 1 BUFFER_POOL DEFAULT FLASH_CACHE DEFAULT CELL_FLASH_CACHE DEFAULT)
  TABLESPACE "USERS"  ENABLE;
 
  ALTER TABLE "MINIERP"."RELACIONARTICULOS" MODIFY ("ID" NOT NULL ENABLE);
--------------------------------------------------------
--  Constraints for Table CAMBIOS
--------------------------------------------------------

  ALTER TABLE "MINIERP"."CAMBIOS" MODIFY ("IDCAMBIO" NOT NULL ENABLE);
 
  ALTER TABLE "MINIERP"."CAMBIOS" MODIFY ("NUMCAMBIO" NOT NULL ENABLE);
 
  ALTER TABLE "MINIERP"."CAMBIOS" MODIFY ("REFUSUARIO" NOT NULL ENABLE);
 
  ALTER TABLE "MINIERP"."CAMBIOS" MODIFY ("FECHA" NOT NULL ENABLE);
 
  ALTER TABLE "MINIERP"."CAMBIOS" MODIFY ("HORA" NOT NULL ENABLE);
 
  ALTER TABLE "MINIERP"."CAMBIOS" MODIFY ("DESCRIPCION" NOT NULL ENABLE);
--------------------------------------------------------
--  Constraints for Table ARTICULOS
--------------------------------------------------------

  ALTER TABLE "MINIERP"."ARTICULOS" ADD CONSTRAINT "ARTICULOS_PK" PRIMARY KEY ("IDARTICULO")
  USING INDEX PCTFREE 10 INITRANS 2 MAXTRANS 255 COMPUTE STATISTICS 
  STORAGE(INITIAL 65536 NEXT 1048576 MINEXTENTS 1 MAXEXTENTS 2147483645
  PCTINCREASE 0 FREELISTS 1 FREELIST GROUPS 1 BUFFER_POOL DEFAULT FLASH_CACHE DEFAULT CELL_FLASH_CACHE DEFAULT)
  TABLESPACE "USERS"  ENABLE;
 
  ALTER TABLE "MINIERP"."ARTICULOS" MODIFY ("IDARTICULO" NOT NULL ENABLE);
--------------------------------------------------------
--  Constraints for Table CAJA_COBRODEUDAS
--------------------------------------------------------

  ALTER TABLE "MINIERP"."CAJA_COBRODEUDAS" ADD CONSTRAINT "CAJACOBRODEUDAS_PK" PRIMARY KEY ("ID")
  USING INDEX PCTFREE 10 INITRANS 2 MAXTRANS 255 NOCOMPRESS LOGGING
  TABLESPACE "USERS"  ENABLE;
 
  ALTER TABLE "MINIERP"."CAJA_COBRODEUDAS" MODIFY ("ID" NOT NULL ENABLE);
 
  ALTER TABLE "MINIERP"."CAJA_COBRODEUDAS" MODIFY ("PROCEDENCIA" NOT NULL ENABLE);
 
  ALTER TABLE "MINIERP"."CAJA_COBRODEUDAS" MODIFY ("CONCEPTO" NOT NULL ENABLE);
 
  ALTER TABLE "MINIERP"."CAJA_COBRODEUDAS" MODIFY ("IMPORTE" NOT NULL ENABLE);
 
  ALTER TABLE "MINIERP"."CAJA_COBRODEUDAS" MODIFY ("FECHA" NOT NULL ENABLE);
 
  ALTER TABLE "MINIERP"."CAJA_COBRODEUDAS" MODIFY ("HORA" NOT NULL ENABLE);
 
  ALTER TABLE "MINIERP"."CAJA_COBRODEUDAS" MODIFY ("TIPO" NOT NULL ENABLE);
 
  ALTER TABLE "MINIERP"."CAJA_COBRODEUDAS" MODIFY ("USUARIO" NOT NULL ENABLE);
--------------------------------------------------------
--  Constraints for Table CAJA_TIPOSPAGO
--------------------------------------------------------

  ALTER TABLE "MINIERP"."CAJA_TIPOSPAGO" MODIFY ("DESCRIPCION" NOT NULL ENABLE);
 
  ALTER TABLE "MINIERP"."CAJA_TIPOSPAGO" MODIFY ("ID" NOT NULL ENABLE);
 
  ALTER TABLE "MINIERP"."CAJA_TIPOSPAGO" ADD CONSTRAINT "TIPOSPAGO_PK" PRIMARY KEY ("ID")
  USING INDEX PCTFREE 10 INITRANS 2 MAXTRANS 255 COMPUTE STATISTICS 
  STORAGE(INITIAL 65536 NEXT 1048576 MINEXTENTS 1 MAXEXTENTS 2147483645
  PCTINCREASE 0 FREELISTS 1 FREELIST GROUPS 1 BUFFER_POOL DEFAULT FLASH_CACHE DEFAULT CELL_FLASH_CACHE DEFAULT)
  TABLESPACE "USERS"  ENABLE;
--------------------------------------------------------
--  Constraints for Table PEDIDOS
--------------------------------------------------------

  ALTER TABLE "MINIERP"."PEDIDOS" MODIFY ("IDPEDIDO" NOT NULL ENABLE);
 
  ALTER TABLE "MINIERP"."PEDIDOS" ADD CONSTRAINT "TABLE1_PK" PRIMARY KEY ("IDPEDIDO")
  USING INDEX PCTFREE 10 INITRANS 2 MAXTRANS 255 COMPUTE STATISTICS 
  STORAGE(INITIAL 65536 NEXT 1048576 MINEXTENTS 1 MAXEXTENTS 2147483645
  PCTINCREASE 0 FREELISTS 1 FREELIST GROUPS 1 BUFFER_POOL DEFAULT FLASH_CACHE DEFAULT CELL_FLASH_CACHE DEFAULT)
  TABLESPACE "USERS"  ENABLE;
--------------------------------------------------------
--  Constraints for Table PROVEEDORES
--------------------------------------------------------

  ALTER TABLE "MINIERP"."PROVEEDORES" ADD CONSTRAINT "PORVEEDORES_PK" PRIMARY KEY ("ID")
  USING INDEX PCTFREE 10 INITRANS 2 MAXTRANS 255 COMPUTE STATISTICS 
  STORAGE(INITIAL 65536 NEXT 1048576 MINEXTENTS 1 MAXEXTENTS 2147483645
  PCTINCREASE 0 FREELISTS 1 FREELIST GROUPS 1 BUFFER_POOL DEFAULT FLASH_CACHE DEFAULT CELL_FLASH_CACHE DEFAULT)
  TABLESPACE "USERS"  ENABLE;
 
  ALTER TABLE "MINIERP"."PROVEEDORES" MODIFY ("ID" NOT NULL ENABLE);
--------------------------------------------------------
--  Constraints for Table TIPOS
--------------------------------------------------------

  ALTER TABLE "MINIERP"."TIPOS" MODIFY ("IDTIPO" NOT NULL ENABLE);
 
  ALTER TABLE "MINIERP"."TIPOS" ADD CONSTRAINT "TIPOS_PK" PRIMARY KEY ("IDTIPO")
  USING INDEX PCTFREE 10 INITRANS 2 MAXTRANS 255 COMPUTE STATISTICS 
  STORAGE(INITIAL 65536 NEXT 1048576 MINEXTENTS 1 MAXEXTENTS 2147483645
  PCTINCREASE 0 FREELISTS 1 FREELIST GROUPS 1 BUFFER_POOL DEFAULT FLASH_CACHE DEFAULT CELL_FLASH_CACHE DEFAULT)
  TABLESPACE "USERS"  ENABLE;
--------------------------------------------------------
--  Constraints for Table USUARIOS
--------------------------------------------------------

  ALTER TABLE "MINIERP"."USUARIOS" MODIFY ("IDUSUARIO" NOT NULL ENABLE);
 
  ALTER TABLE "MINIERP"."USUARIOS" ADD CONSTRAINT "USUARIOS_PK" PRIMARY KEY ("IDUSUARIO")
  USING INDEX PCTFREE 10 INITRANS 2 MAXTRANS 255 COMPUTE STATISTICS 
  STORAGE(INITIAL 65536 NEXT 1048576 MINEXTENTS 1 MAXEXTENTS 2147483645
  PCTINCREASE 0 FREELISTS 1 FREELIST GROUPS 1 BUFFER_POOL DEFAULT FLASH_CACHE DEFAULT CELL_FLASH_CACHE DEFAULT)
  TABLESPACE "USERS"  ENABLE;


--------------------------------------------------------
--  Ref Constraints for Table PEDIDOSARTICULOS
--------------------------------------------------------

  ALTER TABLE "MINIERP"."PEDIDOSARTICULOS" ADD CONSTRAINT "PEDIDOSARTICULOS_ARTICULO_FK1" FOREIGN KEY ("REFARTICULO")
	  REFERENCES "MINIERP"."ARTICULOS" ("IDARTICULO") ENABLE;
 
  ALTER TABLE "MINIERP"."PEDIDOSARTICULOS" ADD CONSTRAINT "PEDIDOSARTICULOS_PEDIDOS_FK1" FOREIGN KEY ("REFPEDIDO")
	  REFERENCES "MINIERP"."PEDIDOS" ("IDPEDIDO") ENABLE;
--------------------------------------------------------
--  Ref Constraints for Table CAJA_APUNTES
--------------------------------------------------------

  ALTER TABLE "MINIERP"."CAJA_APUNTES" ADD CONSTRAINT "APUNTES_PROCED_DESTINO_FK1" FOREIGN KEY ("PROCED_DESTINO")
	  REFERENCES "MINIERP"."CAJA_PROCEDENCIADESTINO" ("ID") ENABLE;
 
  ALTER TABLE "MINIERP"."CAJA_APUNTES" ADD CONSTRAINT "APUNTES_TIPOSPAGO_FK1" FOREIGN KEY ("TIPO_PAGO")
	  REFERENCES "MINIERP"."CAJA_TIPOSPAGO" ("ID") ENABLE;
 
  ALTER TABLE "MINIERP"."CAJA_APUNTES" ADD CONSTRAINT "APUNTES_USUARIOS_FK1" FOREIGN KEY ("USUARIO")
	  REFERENCES "MINIERP"."USUARIOS" ("IDUSUARIO") ENABLE;
--------------------------------------------------------
--  Ref Constraints for Table CLIENTES
--------------------------------------------------------

  ALTER TABLE "MINIERP"."CLIENTES" ADD FOREIGN KEY ("REFCPPOBLACIONES")
	  REFERENCES "MINIERP"."CODIGOSPOSTALESPOBLACIONES" ("IDCODIGOPOSTALPOB") ENABLE;
--------------------------------------------------------
--  Ref Constraints for Table RELACIONARTICULOS
--------------------------------------------------------

  ALTER TABLE "MINIERP"."RELACIONARTICULOS" ADD CONSTRAINT "RELACIONARTICULOS_ARTICUL_FK1" FOREIGN KEY ("REFARTICULO")
	  REFERENCES "MINIERP"."ARTICULOS" ("IDARTICULO") ENABLE;
 
  ALTER TABLE "MINIERP"."RELACIONARTICULOS" ADD CONSTRAINT "RELACIONARTICULOS_PROVEED_FK1" FOREIGN KEY ("REFPROVEEDOR")
	  REFERENCES "MINIERP"."PROVEEDORES" ("ID") ENABLE;

--------------------------------------------------------
--  Ref Constraints for Table ARTICULOS
--------------------------------------------------------

  ALTER TABLE "MINIERP"."ARTICULOS" ADD FOREIGN KEY ("REFTIPO")
	  REFERENCES "MINIERP"."TIPOS" ("IDTIPO") ENABLE;
--------------------------------------------------------
--  Ref Constraints for Table CAJA_COBRODEUDAS
--------------------------------------------------------

  ALTER TABLE "MINIERP"."CAJA_COBRODEUDAS" ADD CONSTRAINT "CAJA_COBRODEUDAS_PROCED_D_FK1" FOREIGN KEY ("PROCEDENCIA")
	  REFERENCES "MINIERP"."CAJA_PROCEDENCIADESTINO" ("ID") ENABLE;
 
  ALTER TABLE "MINIERP"."CAJA_COBRODEUDAS" ADD CONSTRAINT "CAJA_COBRODEUDAS_USUARIOS_FK1" FOREIGN KEY ("USUARIO")
	  REFERENCES "MINIERP"."USUARIOS" ("IDUSUARIO") ENABLE;

--------------------------------------------------------
--  Ref Constraints for Table PEDIDOS
--------------------------------------------------------

  ALTER TABLE "MINIERP"."PEDIDOS" ADD FOREIGN KEY ("REFCLIENTE")
	  REFERENCES "MINIERP"."CLIENTES" ("IDCLIENTE") ENABLE;
 
  ALTER TABLE "MINIERP"."PEDIDOS" ADD FOREIGN KEY ("REFUSUARIO")
	  REFERENCES "MINIERP"."USUARIOS" ("IDUSUARIO") ENABLE;
 
  ALTER TABLE "MINIERP"."PEDIDOS" ADD FOREIGN KEY ("REFFORMAPAGO")
	  REFERENCES "MINIERP"."FORMASDEPAGO" ("IDFORMAPAGO") ENABLE;
--------------------------------------------------------
--  Ref Constraints for Table PROVEEDORES
--------------------------------------------------------

  ALTER TABLE "MINIERP"."PROVEEDORES" ADD FOREIGN KEY ("CP")
	  REFERENCES "MINIERP"."CODIGOSPOSTALES" ("IDCODIGOPOSTAL") ENABLE;



